{"cameraMode":{"drawMode":0,"name":"Shaded","section":"Shading Mode"},"sceneLighting":true,"audioPlay":false,"sceneViewState":{"showFog":true,"showMaterialUpdate":false,"showSkybox":true,"showFlares":true,"showImageEffects":true,"showParticleSystems":true},"in2DMode":false,"pivot":{"x":-175.13783264160157,"y":0.4522733688354492,"z":-82.5036849975586},"rotation":{"x":-0.18784737586975099,"y":0.695815920829773,"z":-0.19662189483642579,"w":-0.6647573113441467},"size":5.6815338134765629,"orthographic":false}