{"cameraMode":{"drawMode":0,"name":"Shaded","section":"Shading Mode"},"sceneLighting":true,"audioPlay":false,"sceneViewState":{"showFog":true,"showMaterialUpdate":false,"showSkybox":true,"showFlares":true,"showImageEffects":true,"showParticleSystems":true},"in2DMode":false,"pivot":{"x":11.059439659118653,"y":9.238618850708008,"z":22.285615921020509},"rotation":{"x":0.020943140611052514,"y":-0.9773305058479309,"z":0.11667109280824661,"w":0.17542634904384614},"size":4.82895040512085,"orthographic":true}